name,accuracy,precision,recall,f1,roc_auc
LogisticRegression,0.9756386398240569,0.057692307692307696,0.8898305084745762,0.10835913312693499,0.971315999469606
RandomForest,0.998012180680088,0.4479638009049774,0.8389830508474576,0.584070796460177,0.9829858646164481
XGBoost,0.999464275644279,0.8508771929824561,0.8220338983050848,0.8362068965517241,0.9757891645480425
